{
  "wa_settings": {
    "last_seen_privacy": "My Contacts",
    "profile_photo_privacy": "My Contacts",
    "about_privacy": "My Contacts",
    "status_privacy": [
      "My Contacts (active)",
      "My Contacts Except : [+905071626402, +905077506419, +905324268034, +905324747962, +905330314043, +905347289122, +905347722016, +905356926827, +905357999059, +905368426204, +905369124045, +905417690937, +905512524541, +905532313621, +905551748199]",
      "Only Share With : [+905302760406]"
    ],
    "blocked_numbers": [
      "+6285839302980"
    ],
    "blocked_numbers_update_time": 1659374006,
    "read_receipts": "Yes",
    "settings_last_fetch_time": {
      "0": 1662004812
    },
    "current_sync_session_id": "tg/N7+ZzWobeBHH99HdV8A==",
    "current_sync_session_account_registration_time": 1659373719,
    "sync_sessions": [
      {
        "sync_session_id": "+eHpddrCb9onvRX+tdzrXQ==",
        "account_registration_time": 1659373719,
        "state_collections": [
          "critical_block",
          "critical_unblock_low",
          "regular",
          "regular_low"
        ]
      },
      {
        "sync_session_id": "XyaaVOWL1Tna1npQhBKlxg==",
        "account_registration_time": 1659373719,
        "state_collections": [
          "critical_block",
          "critical_unblock_low",
          "regular",
          "regular_high",
          "regular_low"
        ]
      },
      {
        "sync_session_id": "tg/N7+ZzWobeBHH99HdV8A==",
        "account_registration_time": 1659373719,
        "state_collections": [
          "critical_block",
          "critical_unblock_low",
          "regular",
          "regular_low"
        ]
      }
    ],
    "device_sync_status": [
      {
        "device_id": 0
      }
    ],
    "device_info": [
      {
        "device_id": 0,
        "app_version": "Android-2.22.18.75",
        "operating_system_version": "12",
        "device_manufacturer": "OPPO",
        "device_model": "OP4F11L1"
      }
    ]
  }
}